<?xml version="1.0" encoding="UTF-8"?>
<refentry id="cardos-tool">
	<refmeta>
		<refentrytitle>cardos-tool</refentrytitle>
		<manvolnum>1</manvolnum>
		<refmiscinfo>opensc</refmiscinfo>
	</refmeta>

	<refnamediv>
		<refname>cardos-tool</refname>
		<refpurpose>displays information about Card OS-based security tokens or format them
		</refpurpose>
	</refnamediv>

	<refsect1>
		<title>Synopsis</title>
		<para>
			<command>cardos-tool</command> [OPTIONS]
		</para>
	</refsect1>

	<refsect1>
		<title>Description</title>
		<para>
			The <command>cardos-tool</command> utility is used to display information about
smart cards and similar security tokens based on Siemens Card/OS M4.
		</para>
	</refsect1>

	<refsect1>
		<title>Options</title>
		<para>
			<variablelist>
				<varlistentry>
					<term><option>--info</option>, <option>-i</option></term>
					<listitem><para>Display information about the card or token.</para></listitem>
				</varlistentry>
				<varlistentry>
					<term><option>--format</option>, <option>-f</option></term>
					<listitem><para>Format the card or token.</para></listitem>
				</varlistentry>
				<varlistentry>
					<term><option>--reader</option> number, <option>-r</option> number</term>
					<listitem><para>Specify the reader number <varname>number</varname> to use.
					The default is reader 0.</para></listitem>
				</varlistentry>
				<varlistentry>
					<term><option>--card-driver</option> name, <option>-c</option> driver</term>
					<listitem><para>Use the card driver specified by <varname>name</varname>. The default
					is to auto-detect the correct card driver.</para></listitem>
				</varlistentry>
				<varlistentry>
					<term><option>--wait, -w</option></term>
					<listitem><para>Causes <command>cardos-tool</command> to wait for the token
					to be inserted into reader.</para>
					</listitem>
				</varlistentry>
				<varlistentry>
					<term><option>--verbose, -v</option></term>
					<listitem><para>Causes <command>cardos-tool</command> to be more verbose. Specify this flag several times
to enable debug output in the opensc library.</para></listitem>
				</varlistentry>
			</variablelist>
		</para>
	</refsect1>
</refentry>
