<?xml version="1.0" encoding="UTF-8"?>
<!DOCTYPE book PUBLIC "-//OASIS//DTD DocBook V4.2//EN"
                      "http://www.oasis-open.org/docbook/xml/4.2/docbookx.dtd">

<book xmlns:xi="http://www.w3.org/2001/XInclude">
	<title>OpenSC tools</title>
	<reference>
		<referenceinfo>
			<title>OpenSC</title>
		</referenceinfo>
		<xi:include href="eidenv.xml"/>
		<xi:include href="cardos-tool.xml"/>
		<xi:include href="cryptoflex-tool.xml"/>
		<xi:include href="netkey-tool.xml"/>
		<xi:include href="opensc-tool.xml"/>
		<xi:include href="opensc-explorer.xml"/>
		<xi:include href="piv-tool.xml"/>
		<xi:include href="pkcs11-tool.xml"/>
		<xi:include href="pkcs15-crypt.xml"/>
		<xi:include href="pkcs15-tool.xml"/>
		<xi:include href="pkcs15-init.xml"/>
		<xi:include href="westcos-tool.xml"/>

		<xi:include href="pkcs15-profile.xml"/>
	</reference>
</book>
